modelElementID,codeId
9,Implementation/mediastore.basic/src/edu/kit/ipd/sdq/mediastore/basic/exceptions/FailedUploadException.java
20,Implementation/mediastore.basic/src/edu/kit/ipd/sdq/mediastore/basic/exceptions/FailedUploadException.java
24,Implementation/mediastore.basic/src/edu/kit/ipd/sdq/mediastore/basic/exceptions/FailedUploadException.java
28,Implementation/mediastore.basic/src/edu/kit/ipd/sdq/mediastore/basic/exceptions/FailedUploadException.java
9,Implementation/mediastore.web/src/edu/kit/ipd/sdq/mediastore/web/utils/MessageUtil.java
20,Implementation/mediastore.web/src/edu/kit/ipd/sdq/mediastore/web/utils/MessageUtil.java
24,Implementation/mediastore.web/src/edu/kit/ipd/sdq/mediastore/web/utils/MessageUtil.java
28,Implementation/mediastore.web/src/edu/kit/ipd/sdq/mediastore/web/utils/MessageUtil.java
1,Implementation/mediastore.web/src/edu/kit/ipd/sdq/mediastore/web/beans/DownloadBean.java
19,Implementation/mediastore.web/src/edu/kit/ipd/sdq/mediastore/web/beans/DownloadBean.java
18,Implementation/mediastore.basic/src/edu/kit/ipd/sdq/mediastore/basic/utils/LameUtil.java
18,Implementation/mediastore.basic/src/edu/kit/ipd/sdq/mediastore/basic/interfaces/IDownloadCache.java
26,Implementation/mediastore.ejb.mediaaccess/src/edu/kit/ipd/sdq/mediastore/ejb/mediaaccess/Audio.java
27,Implementation/mediastore.ejb.mediaaccess/src/edu/kit/ipd/sdq/mediastore/ejb/mediaaccess/Audio.java
34,Implementation/mediastore.ejb.mediaaccess/src/edu/kit/ipd/sdq/mediastore/ejb/mediaaccess/Audio.java
18,Implementation/mediastore.web/src/edu/kit/ipd/sdq/mediastore/web/beans/LoginBean.java
18,Implementation/mediastore.basic/src/edu/kit/ipd/sdq/mediastore/basic/interfaces/IPackaging.java
18,Implementation/mediastore.basic/src/edu/kit/ipd/sdq/mediastore/basic/config/InterfaceDetails.java
9,Implementation/mediastore.basic/src/edu/kit/ipd/sdq/mediastore/basic/interfaces/IMediaAccessRemote.java
20,Implementation/mediastore.basic/src/edu/kit/ipd/sdq/mediastore/basic/interfaces/IMediaAccessRemote.java
24,Implementation/mediastore.basic/src/edu/kit/ipd/sdq/mediastore/basic/interfaces/IMediaAccessRemote.java
28,Implementation/mediastore.basic/src/edu/kit/ipd/sdq/mediastore/basic/interfaces/IMediaAccessRemote.java
9,Implementation/mediastore.basic/src/edu/kit/ipd/sdq/mediastore/basic/interfaces/IMediaAccessMaintenanceRemote.java
20,Implementation/mediastore.basic/src/edu/kit/ipd/sdq/mediastore/basic/interfaces/IMediaAccessMaintenanceRemote.java
24,Implementation/mediastore.basic/src/edu/kit/ipd/sdq/mediastore/basic/interfaces/IMediaAccessMaintenanceRemote.java
28,Implementation/mediastore.basic/src/edu/kit/ipd/sdq/mediastore/basic/interfaces/IMediaAccessMaintenanceRemote.java
12,Implementation/mediastore.ejb.userdbadapter/src/edu/kit/ipd/sdq/mediastore/ejb/userdbadapter/DbManager.java
29,Implementation/mediastore.ejb.userdbadapter/src/edu/kit/ipd/sdq/mediastore/ejb/userdbadapter/DbManager.java
30,Implementation/mediastore.ejb.userdbadapter/src/edu/kit/ipd/sdq/mediastore/ejb/userdbadapter/DbManager.java
18,Implementation/mediastore.basic/src/edu/kit/ipd/sdq/mediastore/basic/interfaces/IDownloadAudioWatermarkingRemote.java
18,Implementation/mediastore.web/src/edu/kit/ipd/sdq/mediastore/web/beans/SessionBean.java
18,Implementation/mediastore.basic/src/edu/kit/ipd/sdq/mediastore/basic/exceptions/ConversionException.java
18,Implementation/mediastore.ejb.cache/ejbModule/edu/kit/ipd/sdq/mediastore/ejb/cache/CacheImpl.java
9,Implementation/mediastore.ejb.usermanagement/ejbModule/edu/kit/ipd/sdq/mediastore/ejb/usermanagement/UserManagementImpl.java
20,Implementation/mediastore.ejb.usermanagement/ejbModule/edu/kit/ipd/sdq/mediastore/ejb/usermanagement/UserManagementImpl.java
24,Implementation/mediastore.ejb.usermanagement/ejbModule/edu/kit/ipd/sdq/mediastore/ejb/usermanagement/UserManagementImpl.java
28,Implementation/mediastore.ejb.usermanagement/ejbModule/edu/kit/ipd/sdq/mediastore/ejb/usermanagement/UserManagementImpl.java
1,Implementation/mediastore.ejb.facade/src/edu/kit/ipd/sdq/mediastore/ejb/facade/FacadeImpl.java
3,Implementation/mediastore.ejb.facade/src/edu/kit/ipd/sdq/mediastore/ejb/facade/FacadeImpl.java
6,Implementation/mediastore.ejb.facade/src/edu/kit/ipd/sdq/mediastore/ejb/facade/FacadeImpl.java
18,Implementation/mediastore.basic/src/edu/kit/ipd/sdq/mediastore/basic/interfaces/IPackagingLocal.java
9,Implementation/mediastore.basic/src/edu/kit/ipd/sdq/mediastore/basic/utils/LameUtil.java
20,Implementation/mediastore.basic/src/edu/kit/ipd/sdq/mediastore/basic/utils/LameUtil.java
24,Implementation/mediastore.basic/src/edu/kit/ipd/sdq/mediastore/basic/utils/LameUtil.java
28,Implementation/mediastore.basic/src/edu/kit/ipd/sdq/mediastore/basic/utils/LameUtil.java
18,Implementation/mediastore.basic/src/edu/kit/ipd/sdq/mediastore/basic/BaseEJB.java
18,Implementation/mediastore.basic/src/edu/kit/ipd/sdq/mediastore/basic/data/AudioFileInfo.java
18,Implementation/mediastore.basic/src/edu/kit/ipd/sdq/mediastore/basic/data/FileContentRemote.java
9,Implementation/mediastore.basic/src/edu/kit/ipd/sdq/mediastore/basic/data/FileContentLocal.java
20,Implementation/mediastore.basic/src/edu/kit/ipd/sdq/mediastore/basic/data/FileContentLocal.java
24,Implementation/mediastore.basic/src/edu/kit/ipd/sdq/mediastore/basic/data/FileContentLocal.java
28,Implementation/mediastore.basic/src/edu/kit/ipd/sdq/mediastore/basic/data/FileContentLocal.java
9,Implementation/mediastore.basic/src/edu/kit/ipd/sdq/mediastore/basic/interfaces/IMediaManagementLocal.java
20,Implementation/mediastore.basic/src/edu/kit/ipd/sdq/mediastore/basic/interfaces/IMediaManagementLocal.java
24,Implementation/mediastore.basic/src/edu/kit/ipd/sdq/mediastore/basic/interfaces/IMediaManagementLocal.java
28,Implementation/mediastore.basic/src/edu/kit/ipd/sdq/mediastore/basic/interfaces/IMediaManagementLocal.java
9,Implementation/mediastore.ejb.userdbadapter/src/edu/kit/ipd/sdq/mediastore/ejb/userdbadapter/UserDBAdapterImpl.java
20,Implementation/mediastore.ejb.userdbadapter/src/edu/kit/ipd/sdq/mediastore/ejb/userdbadapter/UserDBAdapterImpl.java
24,Implementation/mediastore.ejb.userdbadapter/src/edu/kit/ipd/sdq/mediastore/ejb/userdbadapter/UserDBAdapterImpl.java
28,Implementation/mediastore.ejb.userdbadapter/src/edu/kit/ipd/sdq/mediastore/ejb/userdbadapter/UserDBAdapterImpl.java
18,Implementation/mediastore.basic/src/edu/kit/ipd/sdq/mediastore/basic/interfaces/IFacadeLocal.java
9,Implementation/mediastore.basic/src/edu/kit/ipd/sdq/mediastore/basic/interfaces/IDownloadTagWatermarkingRemote.java
20,Implementation/mediastore.basic/src/edu/kit/ipd/sdq/mediastore/basic/interfaces/IDownloadTagWatermarkingRemote.java
24,Implementation/mediastore.basic/src/edu/kit/ipd/sdq/mediastore/basic/interfaces/IDownloadTagWatermarkingRemote.java
28,Implementation/mediastore.basic/src/edu/kit/ipd/sdq/mediastore/basic/interfaces/IDownloadTagWatermarkingRemote.java
9,Implementation/mediastore.ejb.mediaaccess/src/edu/kit/ipd/sdq/mediastore/ejb/mediaaccess/DbManager.java
20,Implementation/mediastore.ejb.mediaaccess/src/edu/kit/ipd/sdq/mediastore/ejb/mediaaccess/DbManager.java
24,Implementation/mediastore.ejb.mediaaccess/src/edu/kit/ipd/sdq/mediastore/ejb/mediaaccess/DbManager.java
28,Implementation/mediastore.ejb.mediaaccess/src/edu/kit/ipd/sdq/mediastore/ejb/mediaaccess/DbManager.java
9,Implementation/mediastore.basic/src/edu/kit/ipd/sdq/mediastore/basic/utils/FSUtil.java
20,Implementation/mediastore.basic/src/edu/kit/ipd/sdq/mediastore/basic/utils/FSUtil.java
24,Implementation/mediastore.basic/src/edu/kit/ipd/sdq/mediastore/basic/utils/FSUtil.java
28,Implementation/mediastore.basic/src/edu/kit/ipd/sdq/mediastore/basic/utils/FSUtil.java
9,Implementation/mediastore.basic/src/edu/kit/ipd/sdq/mediastore/basic/interfaces/IUserManagement.java
20,Implementation/mediastore.basic/src/edu/kit/ipd/sdq/mediastore/basic/interfaces/IUserManagement.java
24,Implementation/mediastore.basic/src/edu/kit/ipd/sdq/mediastore/basic/interfaces/IUserManagement.java
28,Implementation/mediastore.basic/src/edu/kit/ipd/sdq/mediastore/basic/interfaces/IUserManagement.java
18,Implementation/mediastore.ejb.cache/ejbModule/edu/kit/ipd/sdq/mediastore/ejb/cache/CacheSingleton.java
9,Implementation/mediastore.basic/src/edu/kit/ipd/sdq/mediastore/basic/data/FileContentRemote.java
20,Implementation/mediastore.basic/src/edu/kit/ipd/sdq/mediastore/basic/data/FileContentRemote.java
24,Implementation/mediastore.basic/src/edu/kit/ipd/sdq/mediastore/basic/data/FileContentRemote.java
28,Implementation/mediastore.basic/src/edu/kit/ipd/sdq/mediastore/basic/data/FileContentRemote.java
9,Implementation/mediastore.basic/src/edu/kit/ipd/sdq/mediastore/basic/exceptions/PropertiesException.java
20,Implementation/mediastore.basic/src/edu/kit/ipd/sdq/mediastore/basic/exceptions/PropertiesException.java
24,Implementation/mediastore.basic/src/edu/kit/ipd/sdq/mediastore/basic/exceptions/PropertiesException.java
28,Implementation/mediastore.basic/src/edu/kit/ipd/sdq/mediastore/basic/exceptions/PropertiesException.java
18,Implementation/mediastore.ejb.usermanagement/ejbModule/edu/kit/ipd/sdq/mediastore/ejb/usermanagement/UserManagementImpl.java
18,Implementation/mediastore.ejb.audiowatermarking/src/edu/kit/ipd/sdq/mediastore/ejb/audiowatermarking/WavFileException.java
9,Implementation/mediastore.basic/src/edu/kit/ipd/sdq/mediastore/basic/interfaces/IBusinessInterface.java
20,Implementation/mediastore.basic/src/edu/kit/ipd/sdq/mediastore/basic/interfaces/IBusinessInterface.java
24,Implementation/mediastore.basic/src/edu/kit/ipd/sdq/mediastore/basic/interfaces/IBusinessInterface.java
28,Implementation/mediastore.basic/src/edu/kit/ipd/sdq/mediastore/basic/interfaces/IBusinessInterface.java
18,Implementation/mediastore.ejb.audiowatermarking/src/edu/kit/ipd/sdq/mediastore/ejb/audiowatermarking/WavFile.java
9,Implementation/mediastore.ejb.userdbadapter/src/edu/kit/ipd/sdq/mediastore/ejb/userdbadapter/DbManager.java
20,Implementation/mediastore.ejb.userdbadapter/src/edu/kit/ipd/sdq/mediastore/ejb/userdbadapter/DbManager.java
24,Implementation/mediastore.ejb.userdbadapter/src/edu/kit/ipd/sdq/mediastore/ejb/userdbadapter/DbManager.java
28,Implementation/mediastore.ejb.userdbadapter/src/edu/kit/ipd/sdq/mediastore/ejb/userdbadapter/DbManager.java
18,Implementation/mediastore.basic/src/edu/kit/ipd/sdq/mediastore/basic/interfaces/IUserDBAdapterRemote.java
18,Implementation/mediastore.basic/src/edu/kit/ipd/sdq/mediastore/basic/interfaces/IUserManagement.java
9,Implementation/mediastore.basic/src/edu/kit/ipd/sdq/mediastore/basic/interfaces/IPackagingLocal.java
20,Implementation/mediastore.basic/src/edu/kit/ipd/sdq/mediastore/basic/interfaces/IPackagingLocal.java
24,Implementation/mediastore.basic/src/edu/kit/ipd/sdq/mediastore/basic/interfaces/IPackagingLocal.java
28,Implementation/mediastore.basic/src/edu/kit/ipd/sdq/mediastore/basic/interfaces/IPackagingLocal.java
9,Implementation/mediastore.basic/src/edu/kit/ipd/sdq/mediastore/basic/config/Main.java
20,Implementation/mediastore.basic/src/edu/kit/ipd/sdq/mediastore/basic/config/Main.java
24,Implementation/mediastore.basic/src/edu/kit/ipd/sdq/mediastore/basic/config/Main.java
28,Implementation/mediastore.basic/src/edu/kit/ipd/sdq/mediastore/basic/config/Main.java
18,Implementation/mediastore.ejb.cache/ejbModule/edu/kit/ipd/sdq/mediastore/ejb/cache/IdAndBitrate.java
9,Implementation/mediastore.ejb.tagwatermarking/src/edu/kit/ipd/sdq/mediastore/ejb/tagwatermarking/TagWatermarkingImpl.java
20,Implementation/mediastore.ejb.tagwatermarking/src/edu/kit/ipd/sdq/mediastore/ejb/tagwatermarking/TagWatermarkingImpl.java
24,Implementation/mediastore.ejb.tagwatermarking/src/edu/kit/ipd/sdq/mediastore/ejb/tagwatermarking/TagWatermarkingImpl.java
28,Implementation/mediastore.ejb.tagwatermarking/src/edu/kit/ipd/sdq/mediastore/ejb/tagwatermarking/TagWatermarkingImpl.java
18,Implementation/mediastore.basic/src/edu/kit/ipd/sdq/mediastore/basic/utils/PropertiesUtil.java
18,Implementation/mediastore.basic/src/edu/kit/ipd/sdq/mediastore/basic/interfaces/IMediaAccessMaintenanceLocal.java
9,Implementation/mediastore.basic/src/edu/kit/ipd/sdq/mediastore/basic/data/AudioFileInfo.java
20,Implementation/mediastore.basic/src/edu/kit/ipd/sdq/mediastore/basic/data/AudioFileInfo.java
24,Implementation/mediastore.basic/src/edu/kit/ipd/sdq/mediastore/basic/data/AudioFileInfo.java
28,Implementation/mediastore.basic/src/edu/kit/ipd/sdq/mediastore/basic/data/AudioFileInfo.java
18,Implementation/mediastore.ejb.mediaaccess/src/edu/kit/ipd/sdq/mediastore/ejb/mediaaccess/Audio.java
18,Implementation/mediastore.ejb.userdbadapter/src/edu/kit/ipd/sdq/mediastore/ejb/userdbadapter/UserDBAdapterImpl.java
18,Implementation/mediastore.ejb.tagwatermarking/src/edu/kit/ipd/sdq/mediastore/ejb/tagwatermarking/TagWatermarkingImpl.java
9,Implementation/mediastore.ejb.facade/src/edu/kit/ipd/sdq/mediastore/ejb/facade/FacadeImpl.java
20,Implementation/mediastore.ejb.facade/src/edu/kit/ipd/sdq/mediastore/ejb/facade/FacadeImpl.java
24,Implementation/mediastore.ejb.facade/src/edu/kit/ipd/sdq/mediastore/ejb/facade/FacadeImpl.java
28,Implementation/mediastore.ejb.facade/src/edu/kit/ipd/sdq/mediastore/ejb/facade/FacadeImpl.java
9,Implementation/mediastore.basic/src/edu/kit/ipd/sdq/mediastore/basic/interfaces/IFacadeLocal.java
20,Implementation/mediastore.basic/src/edu/kit/ipd/sdq/mediastore/basic/interfaces/IFacadeLocal.java
24,Implementation/mediastore.basic/src/edu/kit/ipd/sdq/mediastore/basic/interfaces/IFacadeLocal.java
28,Implementation/mediastore.basic/src/edu/kit/ipd/sdq/mediastore/basic/interfaces/IFacadeLocal.java
12,Implementation/mediastore.basic/src/edu/kit/ipd/sdq/mediastore/basic/data/FileContent.java
22,Implementation/mediastore.basic/src/edu/kit/ipd/sdq/mediastore/basic/data/FileContent.java
23,Implementation/mediastore.basic/src/edu/kit/ipd/sdq/mediastore/basic/data/FileContent.java
24,Implementation/mediastore.basic/src/edu/kit/ipd/sdq/mediastore/basic/data/FileContent.java
25,Implementation/mediastore.basic/src/edu/kit/ipd/sdq/mediastore/basic/data/FileContent.java
27,Implementation/mediastore.basic/src/edu/kit/ipd/sdq/mediastore/basic/data/FileContent.java
29,Implementation/mediastore.basic/src/edu/kit/ipd/sdq/mediastore/basic/data/FileContent.java
31,Implementation/mediastore.basic/src/edu/kit/ipd/sdq/mediastore/basic/data/FileContent.java
32,Implementation/mediastore.basic/src/edu/kit/ipd/sdq/mediastore/basic/data/FileContent.java
33,Implementation/mediastore.basic/src/edu/kit/ipd/sdq/mediastore/basic/data/FileContent.java
34,Implementation/mediastore.basic/src/edu/kit/ipd/sdq/mediastore/basic/data/FileContent.java
35,Implementation/mediastore.basic/src/edu/kit/ipd/sdq/mediastore/basic/data/FileContent.java
18,Implementation/mediastore.basic/src/edu/kit/ipd/sdq/mediastore/basic/exceptions/UnknownServerException.java
18,Implementation/mediastore.web/src/edu/kit/ipd/sdq/mediastore/web/beans/DownloadBean.java
18,Implementation/mediastore.ejb.packaging/src/edu/kit/ipd/sdq/mediastore/ejb/packaging/PackagingImpl.java
18,Implementation/mediastore.ejb.facade/src/edu/kit/ipd/sdq/mediastore/ejb/facade/FacadeImpl.java
9,Implementation/mediastore.basic/src/edu/kit/ipd/sdq/mediastore/basic/exceptions/FailedDownloadException.java
20,Implementation/mediastore.basic/src/edu/kit/ipd/sdq/mediastore/basic/exceptions/FailedDownloadException.java
24,Implementation/mediastore.basic/src/edu/kit/ipd/sdq/mediastore/basic/exceptions/FailedDownloadException.java
28,Implementation/mediastore.basic/src/edu/kit/ipd/sdq/mediastore/basic/exceptions/FailedDownloadException.java
9,Implementation/mediastore.basic/src/edu/kit/ipd/sdq/mediastore/basic/config/Config.java
20,Implementation/mediastore.basic/src/edu/kit/ipd/sdq/mediastore/basic/config/Config.java
24,Implementation/mediastore.basic/src/edu/kit/ipd/sdq/mediastore/basic/config/Config.java
28,Implementation/mediastore.basic/src/edu/kit/ipd/sdq/mediastore/basic/config/Config.java
12,Implementation/mediastore.ejb.userdbadapter/src/edu/kit/ipd/sdq/mediastore/ejb/userdbadapter/UserDBAdapterImpl.java
29,Implementation/mediastore.ejb.userdbadapter/src/edu/kit/ipd/sdq/mediastore/ejb/userdbadapter/UserDBAdapterImpl.java
30,Implementation/mediastore.ejb.userdbadapter/src/edu/kit/ipd/sdq/mediastore/ejb/userdbadapter/UserDBAdapterImpl.java
9,Implementation/mediastore.basic/src/edu/kit/ipd/sdq/mediastore/basic/interfaces/IFacade.java
20,Implementation/mediastore.basic/src/edu/kit/ipd/sdq/mediastore/basic/interfaces/IFacade.java
24,Implementation/mediastore.basic/src/edu/kit/ipd/sdq/mediastore/basic/interfaces/IFacade.java
28,Implementation/mediastore.basic/src/edu/kit/ipd/sdq/mediastore/basic/interfaces/IFacade.java
9,Implementation/mediastore.basic/src/edu/kit/ipd/sdq/mediastore/basic/interfaces/IDownloadReEncoder.java
20,Implementation/mediastore.basic/src/edu/kit/ipd/sdq/mediastore/basic/interfaces/IDownloadReEncoder.java
24,Implementation/mediastore.basic/src/edu/kit/ipd/sdq/mediastore/basic/interfaces/IDownloadReEncoder.java
28,Implementation/mediastore.basic/src/edu/kit/ipd/sdq/mediastore/basic/interfaces/IDownloadReEncoder.java
12,Implementation/mediastore.basic/src/edu/kit/ipd/sdq/mediastore/basic/data/FileContentRemote.java
22,Implementation/mediastore.basic/src/edu/kit/ipd/sdq/mediastore/basic/data/FileContentRemote.java
23,Implementation/mediastore.basic/src/edu/kit/ipd/sdq/mediastore/basic/data/FileContentRemote.java
24,Implementation/mediastore.basic/src/edu/kit/ipd/sdq/mediastore/basic/data/FileContentRemote.java
25,Implementation/mediastore.basic/src/edu/kit/ipd/sdq/mediastore/basic/data/FileContentRemote.java
27,Implementation/mediastore.basic/src/edu/kit/ipd/sdq/mediastore/basic/data/FileContentRemote.java
29,Implementation/mediastore.basic/src/edu/kit/ipd/sdq/mediastore/basic/data/FileContentRemote.java
31,Implementation/mediastore.basic/src/edu/kit/ipd/sdq/mediastore/basic/data/FileContentRemote.java
32,Implementation/mediastore.basic/src/edu/kit/ipd/sdq/mediastore/basic/data/FileContentRemote.java
33,Implementation/mediastore.basic/src/edu/kit/ipd/sdq/mediastore/basic/data/FileContentRemote.java
34,Implementation/mediastore.basic/src/edu/kit/ipd/sdq/mediastore/basic/data/FileContentRemote.java
35,Implementation/mediastore.basic/src/edu/kit/ipd/sdq/mediastore/basic/data/FileContentRemote.java
9,Implementation/mediastore.web/src/edu/kit/ipd/sdq/mediastore/web/beans/LoginBean.java
20,Implementation/mediastore.web/src/edu/kit/ipd/sdq/mediastore/web/beans/LoginBean.java
24,Implementation/mediastore.web/src/edu/kit/ipd/sdq/mediastore/web/beans/LoginBean.java
28,Implementation/mediastore.web/src/edu/kit/ipd/sdq/mediastore/web/beans/LoginBean.java
1,Implementation/mediastore.web/src/edu/kit/ipd/sdq/mediastore/web/filters/MainFilter.java
19,Implementation/mediastore.web/src/edu/kit/ipd/sdq/mediastore/web/filters/MainFilter.java
26,Implementation/mediastore.ejb.mediaaccess/src/edu/kit/ipd/sdq/mediastore/ejb/mediaaccess/DbManager.java
27,Implementation/mediastore.ejb.mediaaccess/src/edu/kit/ipd/sdq/mediastore/ejb/mediaaccess/DbManager.java
34,Implementation/mediastore.ejb.mediaaccess/src/edu/kit/ipd/sdq/mediastore/ejb/mediaaccess/DbManager.java
11,Implementation/mediastore.ejb.usermanagement/ejbModule/edu/kit/ipd/sdq/mediastore/ejb/usermanagement/UserManagementImpl.java
13,Implementation/mediastore.ejb.usermanagement/ejbModule/edu/kit/ipd/sdq/mediastore/ejb/usermanagement/UserManagementImpl.java
12,Implementation/mediastore.ejb.userdbadapter/src/edu/kit/ipd/sdq/mediastore/ejb/userdbadapter/User.java
29,Implementation/mediastore.ejb.userdbadapter/src/edu/kit/ipd/sdq/mediastore/ejb/userdbadapter/User.java
30,Implementation/mediastore.ejb.userdbadapter/src/edu/kit/ipd/sdq/mediastore/ejb/userdbadapter/User.java
18,Implementation/mediastore.basic/src/edu/kit/ipd/sdq/mediastore/basic/interfaces/IMediaAccessLocal.java
9,Implementation/mediastore.ejb.cache/ejbModule/edu/kit/ipd/sdq/mediastore/ejb/cache/IdAndBitrate.java
20,Implementation/mediastore.ejb.cache/ejbModule/edu/kit/ipd/sdq/mediastore/ejb/cache/IdAndBitrate.java
24,Implementation/mediastore.ejb.cache/ejbModule/edu/kit/ipd/sdq/mediastore/ejb/cache/IdAndBitrate.java
28,Implementation/mediastore.ejb.cache/ejbModule/edu/kit/ipd/sdq/mediastore/ejb/cache/IdAndBitrate.java
18,Implementation/mediastore.basic/src/edu/kit/ipd/sdq/mediastore/basic/config/EJB.java
18,Implementation/mediastore.basic/src/edu/kit/ipd/sdq/mediastore/basic/interfaces/IUserManagementLocal.java
9,Implementation/mediastore.basic/src/edu/kit/ipd/sdq/mediastore/basic/interfaces/IDownloadReEncoderLocal.java
20,Implementation/mediastore.basic/src/edu/kit/ipd/sdq/mediastore/basic/interfaces/IDownloadReEncoderLocal.java
24,Implementation/mediastore.basic/src/edu/kit/ipd/sdq/mediastore/basic/interfaces/IDownloadReEncoderLocal.java
28,Implementation/mediastore.basic/src/edu/kit/ipd/sdq/mediastore/basic/interfaces/IDownloadReEncoderLocal.java
18,Implementation/mediastore.basic/src/edu/kit/ipd/sdq/mediastore/basic/interfaces/IUserDBAdapterLocal.java
11,Implementation/mediastore.basic/src/edu/kit/ipd/sdq/mediastore/basic/interfaces/IUserManagementLocal.java
13,Implementation/mediastore.basic/src/edu/kit/ipd/sdq/mediastore/basic/interfaces/IUserManagementLocal.java
9,Implementation/mediastore.basic/src/edu/kit/ipd/sdq/mediastore/basic/interfaces/IPackaging.java
20,Implementation/mediastore.basic/src/edu/kit/ipd/sdq/mediastore/basic/interfaces/IPackaging.java
24,Implementation/mediastore.basic/src/edu/kit/ipd/sdq/mediastore/basic/interfaces/IPackaging.java
28,Implementation/mediastore.basic/src/edu/kit/ipd/sdq/mediastore/basic/interfaces/IPackaging.java
7,Implementation/mediastore.basic/src/edu/kit/ipd/sdq/mediastore/basic/interfaces/IMediaManagement.java
8,Implementation/mediastore.basic/src/edu/kit/ipd/sdq/mediastore/basic/interfaces/IMediaManagement.java
17,Implementation/mediastore.basic/src/edu/kit/ipd/sdq/mediastore/basic/interfaces/IMediaManagement.java
18,Implementation/mediastore.web/src/edu/kit/ipd/sdq/mediastore/web/beans/UploadBean.java
9,Implementation/mediastore.basic/src/edu/kit/ipd/sdq/mediastore/basic/interfaces/IDownloadMediaAccessRemote.java
20,Implementation/mediastore.basic/src/edu/kit/ipd/sdq/mediastore/basic/interfaces/IDownloadMediaAccessRemote.java
24,Implementation/mediastore.basic/src/edu/kit/ipd/sdq/mediastore/basic/interfaces/IDownloadMediaAccessRemote.java
28,Implementation/mediastore.basic/src/edu/kit/ipd/sdq/mediastore/basic/interfaces/IDownloadMediaAccessRemote.java
18,Implementation/mediastore.ejb.usermanagement/ejbModule/edu/kit/ipd/sdq/mediastore/ejb/usermanagement/SecurityUtil.java
9,Implementation/mediastore.basic/src/edu/kit/ipd/sdq/mediastore/basic/config/ProvidedInterface.java
20,Implementation/mediastore.basic/src/edu/kit/ipd/sdq/mediastore/basic/config/ProvidedInterface.java
24,Implementation/mediastore.basic/src/edu/kit/ipd/sdq/mediastore/basic/config/ProvidedInterface.java
28,Implementation/mediastore.basic/src/edu/kit/ipd/sdq/mediastore/basic/config/ProvidedInterface.java
9,Implementation/mediastore.basic/src/edu/kit/ipd/sdq/mediastore/basic/data/CurrentUser.java
20,Implementation/mediastore.basic/src/edu/kit/ipd/sdq/mediastore/basic/data/CurrentUser.java
24,Implementation/mediastore.basic/src/edu/kit/ipd/sdq/mediastore/basic/data/CurrentUser.java
28,Implementation/mediastore.basic/src/edu/kit/ipd/sdq/mediastore/basic/data/CurrentUser.java
9,Implementation/mediastore.basic/src/edu/kit/ipd/sdq/mediastore/basic/interfaces/IUserDBAdapter.java
20,Implementation/mediastore.basic/src/edu/kit/ipd/sdq/mediastore/basic/interfaces/IUserDBAdapter.java
24,Implementation/mediastore.basic/src/edu/kit/ipd/sdq/mediastore/basic/interfaces/IUserDBAdapter.java
28,Implementation/mediastore.basic/src/edu/kit/ipd/sdq/mediastore/basic/interfaces/IUserDBAdapter.java
18,Implementation/mediastore.basic/src/edu/kit/ipd/sdq/mediastore/basic/interfaces/IDownloadMediaAccessLocal.java
9,Implementation/mediastore.ejb.cache/ejbModule/edu/kit/ipd/sdq/mediastore/ejb/cache/CacheImpl.java
20,Implementation/mediastore.ejb.cache/ejbModule/edu/kit/ipd/sdq/mediastore/ejb/cache/CacheImpl.java
24,Implementation/mediastore.ejb.cache/ejbModule/edu/kit/ipd/sdq/mediastore/ejb/cache/CacheImpl.java
28,Implementation/mediastore.ejb.cache/ejbModule/edu/kit/ipd/sdq/mediastore/ejb/cache/CacheImpl.java
9,Implementation/mediastore.web/src/edu/kit/ipd/sdq/mediastore/web/utils/SessionUtil.java
20,Implementation/mediastore.web/src/edu/kit/ipd/sdq/mediastore/web/utils/SessionUtil.java
24,Implementation/mediastore.web/src/edu/kit/ipd/sdq/mediastore/web/utils/SessionUtil.java
28,Implementation/mediastore.web/src/edu/kit/ipd/sdq/mediastore/web/utils/SessionUtil.java
9,Implementation/mediastore.basic/src/edu/kit/ipd/sdq/mediastore/basic/interfaces/IDownloadReEncoderRemote.java
20,Implementation/mediastore.basic/src/edu/kit/ipd/sdq/mediastore/basic/interfaces/IDownloadReEncoderRemote.java
24,Implementation/mediastore.basic/src/edu/kit/ipd/sdq/mediastore/basic/interfaces/IDownloadReEncoderRemote.java
28,Implementation/mediastore.basic/src/edu/kit/ipd/sdq/mediastore/basic/interfaces/IDownloadReEncoderRemote.java
1,Implementation/mediastore.web/src/edu/kit/ipd/sdq/mediastore/web/utils/MessageUtil.java
19,Implementation/mediastore.web/src/edu/kit/ipd/sdq/mediastore/web/utils/MessageUtil.java
18,Implementation/mediastore.ejb.userdbadapter/src/edu/kit/ipd/sdq/mediastore/ejb/userdbadapter/User.java
9,Implementation/mediastore.ejb.mediaaccess/src/edu/kit/ipd/sdq/mediastore/ejb/mediaaccess/MediaAccessImpl.java
20,Implementation/mediastore.ejb.mediaaccess/src/edu/kit/ipd/sdq/mediastore/ejb/mediaaccess/MediaAccessImpl.java
24,Implementation/mediastore.ejb.mediaaccess/src/edu/kit/ipd/sdq/mediastore/ejb/mediaaccess/MediaAccessImpl.java
28,Implementation/mediastore.ejb.mediaaccess/src/edu/kit/ipd/sdq/mediastore/ejb/mediaaccess/MediaAccessImpl.java
18,Implementation/mediastore.basic/src/edu/kit/ipd/sdq/mediastore/basic/interfaces/IMediaManagementLocal.java
18,Implementation/mediastore.basic/src/edu/kit/ipd/sdq/mediastore/basic/exceptions/UserAlreadyExistsException.java
18,Implementation/mediastore.web/src/edu/kit/ipd/sdq/mediastore/web/beans/WebBeanManager.java
12,Implementation/mediastore.basic/src/edu/kit/ipd/sdq/mediastore/basic/data/AudioFileInfo.java
22,Implementation/mediastore.basic/src/edu/kit/ipd/sdq/mediastore/basic/data/AudioFileInfo.java
23,Implementation/mediastore.basic/src/edu/kit/ipd/sdq/mediastore/basic/data/AudioFileInfo.java
24,Implementation/mediastore.basic/src/edu/kit/ipd/sdq/mediastore/basic/data/AudioFileInfo.java
25,Implementation/mediastore.basic/src/edu/kit/ipd/sdq/mediastore/basic/data/AudioFileInfo.java
27,Implementation/mediastore.basic/src/edu/kit/ipd/sdq/mediastore/basic/data/AudioFileInfo.java
29,Implementation/mediastore.basic/src/edu/kit/ipd/sdq/mediastore/basic/data/AudioFileInfo.java
31,Implementation/mediastore.basic/src/edu/kit/ipd/sdq/mediastore/basic/data/AudioFileInfo.java
32,Implementation/mediastore.basic/src/edu/kit/ipd/sdq/mediastore/basic/data/AudioFileInfo.java
33,Implementation/mediastore.basic/src/edu/kit/ipd/sdq/mediastore/basic/data/AudioFileInfo.java
34,Implementation/mediastore.basic/src/edu/kit/ipd/sdq/mediastore/basic/data/AudioFileInfo.java
35,Implementation/mediastore.basic/src/edu/kit/ipd/sdq/mediastore/basic/data/AudioFileInfo.java
18,Implementation/mediastore.basic/src/edu/kit/ipd/sdq/mediastore/basic/interfaces/IDownloadCacheRemote.java
9,Implementation/mediastore.basic/src/edu/kit/ipd/sdq/mediastore/basic/data/AudioFile.java
20,Implementation/mediastore.basic/src/edu/kit/ipd/sdq/mediastore/basic/data/AudioFile.java
24,Implementation/mediastore.basic/src/edu/kit/ipd/sdq/mediastore/basic/data/AudioFile.java
28,Implementation/mediastore.basic/src/edu/kit/ipd/sdq/mediastore/basic/data/AudioFile.java
9,Implementation/mediastore.ejb.packaging/src/edu/kit/ipd/sdq/mediastore/ejb/packaging/PackagingImpl.java
20,Implementation/mediastore.ejb.packaging/src/edu/kit/ipd/sdq/mediastore/ejb/packaging/PackagingImpl.java
24,Implementation/mediastore.ejb.packaging/src/edu/kit/ipd/sdq/mediastore/ejb/packaging/PackagingImpl.java
28,Implementation/mediastore.ejb.packaging/src/edu/kit/ipd/sdq/mediastore/ejb/packaging/PackagingImpl.java
18,Implementation/mediastore.basic/src/edu/kit/ipd/sdq/mediastore/basic/data/FileContentLocal.java
18,Implementation/mediastore.basic/src/edu/kit/ipd/sdq/mediastore/basic/interfaces/IMediaAccessMaintenanceRemote.java
18,Implementation/mediastore.web/src/edu/kit/ipd/sdq/mediastore/web/beans/RegisterBean.java
9,Implementation/mediastore.basic/src/edu/kit/ipd/sdq/mediastore/basic/interfaces/IDownloadCacheRemote.java
20,Implementation/mediastore.basic/src/edu/kit/ipd/sdq/mediastore/basic/interfaces/IDownloadCacheRemote.java
24,Implementation/mediastore.basic/src/edu/kit/ipd/sdq/mediastore/basic/interfaces/IDownloadCacheRemote.java
28,Implementation/mediastore.basic/src/edu/kit/ipd/sdq/mediastore/basic/interfaces/IDownloadCacheRemote.java
18,Implementation/mediastore.basic/src/edu/kit/ipd/sdq/mediastore/basic/exceptions/FailedDownloadException.java
1,Implementation/mediastore.web/src/edu/kit/ipd/sdq/mediastore/web/beans/SessionBean.java
19,Implementation/mediastore.web/src/edu/kit/ipd/sdq/mediastore/web/beans/SessionBean.java
18,Implementation/mediastore.basic/src/edu/kit/ipd/sdq/mediastore/basic/interfaces/ICacheMaintenance.java
18,Implementation/mediastore.web/src/edu/kit/ipd/sdq/mediastore/web/utils/SessionUtil.java
18,Implementation/mediastore.web/src/edu/kit/ipd/sdq/mediastore/web/utils/MessageUtil.java
9,Implementation/mediastore.basic/src/edu/kit/ipd/sdq/mediastore/basic/exceptions/ConversionException.java
20,Implementation/mediastore.basic/src/edu/kit/ipd/sdq/mediastore/basic/exceptions/ConversionException.java
24,Implementation/mediastore.basic/src/edu/kit/ipd/sdq/mediastore/basic/exceptions/ConversionException.java
28,Implementation/mediastore.basic/src/edu/kit/ipd/sdq/mediastore/basic/exceptions/ConversionException.java
9,Implementation/mediastore.basic/src/edu/kit/ipd/sdq/mediastore/basic/interfaces/IDownloadTagWatermarking.java
20,Implementation/mediastore.basic/src/edu/kit/ipd/sdq/mediastore/basic/interfaces/IDownloadTagWatermarking.java
24,Implementation/mediastore.basic/src/edu/kit/ipd/sdq/mediastore/basic/interfaces/IDownloadTagWatermarking.java
28,Implementation/mediastore.basic/src/edu/kit/ipd/sdq/mediastore/basic/interfaces/IDownloadTagWatermarking.java
18,Implementation/mediastore.basic/src/edu/kit/ipd/sdq/mediastore/basic/interfaces/IDownload.java
18,Implementation/mediastore.basic/src/edu/kit/ipd/sdq/mediastore/basic/config/Main.java
9,Implementation/mediastore.basic/src/edu/kit/ipd/sdq/mediastore/basic/interfaces/IPackagingRemote.java
20,Implementation/mediastore.basic/src/edu/kit/ipd/sdq/mediastore/basic/interfaces/IPackagingRemote.java
24,Implementation/mediastore.basic/src/edu/kit/ipd/sdq/mediastore/basic/interfaces/IPackagingRemote.java
28,Implementation/mediastore.basic/src/edu/kit/ipd/sdq/mediastore/basic/interfaces/IPackagingRemote.java
9,Implementation/mediastore.web/src/edu/kit/ipd/sdq/mediastore/web/beans/DownloadBean.java
20,Implementation/mediastore.web/src/edu/kit/ipd/sdq/mediastore/web/beans/DownloadBean.java
24,Implementation/mediastore.web/src/edu/kit/ipd/sdq/mediastore/web/beans/DownloadBean.java
28,Implementation/mediastore.web/src/edu/kit/ipd/sdq/mediastore/web/beans/DownloadBean.java
9,Implementation/mediastore.web/src/edu/kit/ipd/sdq/mediastore/web/beans/WebBeanManager.java
20,Implementation/mediastore.web/src/edu/kit/ipd/sdq/mediastore/web/beans/WebBeanManager.java
24,Implementation/mediastore.web/src/edu/kit/ipd/sdq/mediastore/web/beans/WebBeanManager.java
28,Implementation/mediastore.web/src/edu/kit/ipd/sdq/mediastore/web/beans/WebBeanManager.java
9,Implementation/mediastore.basic/src/edu/kit/ipd/sdq/mediastore/basic/interfaces/IDownloadTagWatermarkingLocal.java
20,Implementation/mediastore.basic/src/edu/kit/ipd/sdq/mediastore/basic/interfaces/IDownloadTagWatermarkingLocal.java
24,Implementation/mediastore.basic/src/edu/kit/ipd/sdq/mediastore/basic/interfaces/IDownloadTagWatermarkingLocal.java
28,Implementation/mediastore.basic/src/edu/kit/ipd/sdq/mediastore/basic/interfaces/IDownloadTagWatermarkingLocal.java
12,Implementation/mediastore.basic/src/edu/kit/ipd/sdq/mediastore/basic/interfaces/IUserDBAdapter.java
29,Implementation/mediastore.basic/src/edu/kit/ipd/sdq/mediastore/basic/interfaces/IUserDBAdapter.java
30,Implementation/mediastore.basic/src/edu/kit/ipd/sdq/mediastore/basic/interfaces/IUserDBAdapter.java
9,Implementation/mediastore.basic/src/edu/kit/ipd/sdq/mediastore/basic/interfaces/IDownloadCacheLocal.java
20,Implementation/mediastore.basic/src/edu/kit/ipd/sdq/mediastore/basic/interfaces/IDownloadCacheLocal.java
24,Implementation/mediastore.basic/src/edu/kit/ipd/sdq/mediastore/basic/interfaces/IDownloadCacheLocal.java
28,Implementation/mediastore.basic/src/edu/kit/ipd/sdq/mediastore/basic/interfaces/IDownloadCacheLocal.java
9,Implementation/mediastore.ejb.audiowatermarking/src/edu/kit/ipd/sdq/mediastore/ejb/audiowatermarking/AudioWatermarkingImpl.java
20,Implementation/mediastore.ejb.audiowatermarking/src/edu/kit/ipd/sdq/mediastore/ejb/audiowatermarking/AudioWatermarkingImpl.java
24,Implementation/mediastore.ejb.audiowatermarking/src/edu/kit/ipd/sdq/mediastore/ejb/audiowatermarking/AudioWatermarkingImpl.java
28,Implementation/mediastore.ejb.audiowatermarking/src/edu/kit/ipd/sdq/mediastore/ejb/audiowatermarking/AudioWatermarkingImpl.java
18,Implementation/mediastore.basic/src/edu/kit/ipd/sdq/mediastore/basic/interfaces/IFacadeRemote.java
9,Implementation/mediastore.basic/src/edu/kit/ipd/sdq/mediastore/basic/interfaces/IDownloadAudioWatermarkingRemote.java
20,Implementation/mediastore.basic/src/edu/kit/ipd/sdq/mediastore/basic/interfaces/IDownloadAudioWatermarkingRemote.java
24,Implementation/mediastore.basic/src/edu/kit/ipd/sdq/mediastore/basic/interfaces/IDownloadAudioWatermarkingRemote.java
28,Implementation/mediastore.basic/src/edu/kit/ipd/sdq/mediastore/basic/interfaces/IDownloadAudioWatermarkingRemote.java
9,Implementation/mediastore.basic/src/edu/kit/ipd/sdq/mediastore/basic/exceptions/UserAlreadyExistsException.java
20,Implementation/mediastore.basic/src/edu/kit/ipd/sdq/mediastore/basic/exceptions/UserAlreadyExistsException.java
24,Implementation/mediastore.basic/src/edu/kit/ipd/sdq/mediastore/basic/exceptions/UserAlreadyExistsException.java
28,Implementation/mediastore.basic/src/edu/kit/ipd/sdq/mediastore/basic/exceptions/UserAlreadyExistsException.java
9,Implementation/mediastore.basic/src/edu/kit/ipd/sdq/mediastore/basic/config/EJB.java
20,Implementation/mediastore.basic/src/edu/kit/ipd/sdq/mediastore/basic/config/EJB.java
24,Implementation/mediastore.basic/src/edu/kit/ipd/sdq/mediastore/basic/config/EJB.java
28,Implementation/mediastore.basic/src/edu/kit/ipd/sdq/mediastore/basic/config/EJB.java
12,Implementation/mediastore.basic/src/edu/kit/ipd/sdq/mediastore/basic/data/AudioFile.java
22,Implementation/mediastore.basic/src/edu/kit/ipd/sdq/mediastore/basic/data/AudioFile.java
23,Implementation/mediastore.basic/src/edu/kit/ipd/sdq/mediastore/basic/data/AudioFile.java
24,Implementation/mediastore.basic/src/edu/kit/ipd/sdq/mediastore/basic/data/AudioFile.java
25,Implementation/mediastore.basic/src/edu/kit/ipd/sdq/mediastore/basic/data/AudioFile.java
27,Implementation/mediastore.basic/src/edu/kit/ipd/sdq/mediastore/basic/data/AudioFile.java
29,Implementation/mediastore.basic/src/edu/kit/ipd/sdq/mediastore/basic/data/AudioFile.java
31,Implementation/mediastore.basic/src/edu/kit/ipd/sdq/mediastore/basic/data/AudioFile.java
32,Implementation/mediastore.basic/src/edu/kit/ipd/sdq/mediastore/basic/data/AudioFile.java
33,Implementation/mediastore.basic/src/edu/kit/ipd/sdq/mediastore/basic/data/AudioFile.java
34,Implementation/mediastore.basic/src/edu/kit/ipd/sdq/mediastore/basic/data/AudioFile.java
35,Implementation/mediastore.basic/src/edu/kit/ipd/sdq/mediastore/basic/data/AudioFile.java
18,Implementation/mediastore.basic/src/edu/kit/ipd/sdq/mediastore/basic/interfaces/IPackagingRemote.java
9,Implementation/mediastore.ejb.audiowatermarking/src/edu/kit/ipd/sdq/mediastore/ejb/audiowatermarking/WavFile.java
20,Implementation/mediastore.ejb.audiowatermarking/src/edu/kit/ipd/sdq/mediastore/ejb/audiowatermarking/WavFile.java
24,Implementation/mediastore.ejb.audiowatermarking/src/edu/kit/ipd/sdq/mediastore/ejb/audiowatermarking/WavFile.java
28,Implementation/mediastore.ejb.audiowatermarking/src/edu/kit/ipd/sdq/mediastore/ejb/audiowatermarking/WavFile.java
18,Implementation/mediastore.basic/src/edu/kit/ipd/sdq/mediastore/basic/interfaces/IDownloadTagWatermarking.java
9,Implementation/mediastore.basic/src/edu/kit/ipd/sdq/mediastore/basic/config/RequiredInterface.java
20,Implementation/mediastore.basic/src/edu/kit/ipd/sdq/mediastore/basic/config/RequiredInterface.java
24,Implementation/mediastore.basic/src/edu/kit/ipd/sdq/mediastore/basic/config/RequiredInterface.java
28,Implementation/mediastore.basic/src/edu/kit/ipd/sdq/mediastore/basic/config/RequiredInterface.java
9,Implementation/mediastore.ejb.reencoder/src/edu/kit/ipd/sdq/mediastore/ejb/reencoder/ReEncoderImpl.java
20,Implementation/mediastore.ejb.reencoder/src/edu/kit/ipd/sdq/mediastore/ejb/reencoder/ReEncoderImpl.java
24,Implementation/mediastore.ejb.reencoder/src/edu/kit/ipd/sdq/mediastore/ejb/reencoder/ReEncoderImpl.java
28,Implementation/mediastore.ejb.reencoder/src/edu/kit/ipd/sdq/mediastore/ejb/reencoder/ReEncoderImpl.java
18,Implementation/mediastore.basic/src/edu/kit/ipd/sdq/mediastore/basic/interfaces/IMediaAccess.java
9,Implementation/mediastore.basic/src/edu/kit/ipd/sdq/mediastore/basic/BaseEJB.java
20,Implementation/mediastore.basic/src/edu/kit/ipd/sdq/mediastore/basic/BaseEJB.java
24,Implementation/mediastore.basic/src/edu/kit/ipd/sdq/mediastore/basic/BaseEJB.java
28,Implementation/mediastore.basic/src/edu/kit/ipd/sdq/mediastore/basic/BaseEJB.java
1,Implementation/mediastore.ejb.userdbadapter/src/edu/kit/ipd/sdq/mediastore/ejb/userdbadapter/User.java
2,Implementation/mediastore.ejb.userdbadapter/src/edu/kit/ipd/sdq/mediastore/ejb/userdbadapter/User.java
3,Implementation/mediastore.ejb.userdbadapter/src/edu/kit/ipd/sdq/mediastore/ejb/userdbadapter/User.java
4,Implementation/mediastore.ejb.userdbadapter/src/edu/kit/ipd/sdq/mediastore/ejb/userdbadapter/User.java
6,Implementation/mediastore.ejb.userdbadapter/src/edu/kit/ipd/sdq/mediastore/ejb/userdbadapter/User.java
10,Implementation/mediastore.ejb.userdbadapter/src/edu/kit/ipd/sdq/mediastore/ejb/userdbadapter/User.java
13,Implementation/mediastore.ejb.userdbadapter/src/edu/kit/ipd/sdq/mediastore/ejb/userdbadapter/User.java
17,Implementation/mediastore.ejb.userdbadapter/src/edu/kit/ipd/sdq/mediastore/ejb/userdbadapter/User.java
18,Implementation/mediastore.ejb.userdbadapter/src/edu/kit/ipd/sdq/mediastore/ejb/userdbadapter/User.java
19,Implementation/mediastore.ejb.userdbadapter/src/edu/kit/ipd/sdq/mediastore/ejb/userdbadapter/User.java
24,Implementation/mediastore.ejb.userdbadapter/src/edu/kit/ipd/sdq/mediastore/ejb/userdbadapter/User.java
25,Implementation/mediastore.ejb.userdbadapter/src/edu/kit/ipd/sdq/mediastore/ejb/userdbadapter/User.java
26,Implementation/mediastore.ejb.userdbadapter/src/edu/kit/ipd/sdq/mediastore/ejb/userdbadapter/User.java
29,Implementation/mediastore.ejb.userdbadapter/src/edu/kit/ipd/sdq/mediastore/ejb/userdbadapter/User.java
30,Implementation/mediastore.ejb.userdbadapter/src/edu/kit/ipd/sdq/mediastore/ejb/userdbadapter/User.java
34,Implementation/mediastore.ejb.userdbadapter/src/edu/kit/ipd/sdq/mediastore/ejb/userdbadapter/User.java
35,Implementation/mediastore.ejb.userdbadapter/src/edu/kit/ipd/sdq/mediastore/ejb/userdbadapter/User.java
36,Implementation/mediastore.ejb.userdbadapter/src/edu/kit/ipd/sdq/mediastore/ejb/userdbadapter/User.java
18,Implementation/mediastore.basic/src/edu/kit/ipd/sdq/mediastore/basic/interfaces/IDownloadReEncoder.java
9,Implementation/mediastore.basic/src/edu/kit/ipd/sdq/mediastore/basic/interfaces/IDownload.java
20,Implementation/mediastore.basic/src/edu/kit/ipd/sdq/mediastore/basic/interfaces/IDownload.java
24,Implementation/mediastore.basic/src/edu/kit/ipd/sdq/mediastore/basic/interfaces/IDownload.java
28,Implementation/mediastore.basic/src/edu/kit/ipd/sdq/mediastore/basic/interfaces/IDownload.java
18,Implementation/mediastore.basic/src/edu/kit/ipd/sdq/mediastore/basic/interfaces/IDownloadAudioWatermarking.java
18,Implementation/mediastore.basic/src/edu/kit/ipd/sdq/mediastore/basic/data/AudioFile.java
9,Implementation/mediastore.basic/src/edu/kit/ipd/sdq/mediastore/basic/interfaces/IDownloadCache.java
20,Implementation/mediastore.basic/src/edu/kit/ipd/sdq/mediastore/basic/interfaces/IDownloadCache.java
24,Implementation/mediastore.basic/src/edu/kit/ipd/sdq/mediastore/basic/interfaces/IDownloadCache.java
28,Implementation/mediastore.basic/src/edu/kit/ipd/sdq/mediastore/basic/interfaces/IDownloadCache.java
18,Implementation/mediastore.basic/src/edu/kit/ipd/sdq/mediastore/basic/exceptions/PropertiesException.java
9,Implementation/mediastore.basic/src/edu/kit/ipd/sdq/mediastore/basic/interfaces/ICacheMaintenanceLocal.java
20,Implementation/mediastore.basic/src/edu/kit/ipd/sdq/mediastore/basic/interfaces/ICacheMaintenanceLocal.java
24,Implementation/mediastore.basic/src/edu/kit/ipd/sdq/mediastore/basic/interfaces/ICacheMaintenanceLocal.java
28,Implementation/mediastore.basic/src/edu/kit/ipd/sdq/mediastore/basic/interfaces/ICacheMaintenanceLocal.java
4,Implementation/mediastore.web/src/edu/kit/ipd/sdq/mediastore/web/filters/MainFilter.java
6,Implementation/mediastore.web/src/edu/kit/ipd/sdq/mediastore/web/filters/MainFilter.java
9,Implementation/mediastore.web/src/edu/kit/ipd/sdq/mediastore/web/filters/MainFilter.java
14,Implementation/mediastore.web/src/edu/kit/ipd/sdq/mediastore/web/filters/MainFilter.java
15,Implementation/mediastore.web/src/edu/kit/ipd/sdq/mediastore/web/filters/MainFilter.java
16,Implementation/mediastore.web/src/edu/kit/ipd/sdq/mediastore/web/filters/MainFilter.java
17,Implementation/mediastore.web/src/edu/kit/ipd/sdq/mediastore/web/filters/MainFilter.java
18,Implementation/mediastore.web/src/edu/kit/ipd/sdq/mediastore/web/filters/MainFilter.java
19,Implementation/mediastore.web/src/edu/kit/ipd/sdq/mediastore/web/filters/MainFilter.java
20,Implementation/mediastore.web/src/edu/kit/ipd/sdq/mediastore/web/filters/MainFilter.java
21,Implementation/mediastore.web/src/edu/kit/ipd/sdq/mediastore/web/filters/MainFilter.java
22,Implementation/mediastore.web/src/edu/kit/ipd/sdq/mediastore/web/filters/MainFilter.java
24,Implementation/mediastore.web/src/edu/kit/ipd/sdq/mediastore/web/filters/MainFilter.java
25,Implementation/mediastore.web/src/edu/kit/ipd/sdq/mediastore/web/filters/MainFilter.java
26,Implementation/mediastore.web/src/edu/kit/ipd/sdq/mediastore/web/filters/MainFilter.java
27,Implementation/mediastore.web/src/edu/kit/ipd/sdq/mediastore/web/filters/MainFilter.java
28,Implementation/mediastore.web/src/edu/kit/ipd/sdq/mediastore/web/filters/MainFilter.java
31,Implementation/mediastore.web/src/edu/kit/ipd/sdq/mediastore/web/filters/MainFilter.java
33,Implementation/mediastore.web/src/edu/kit/ipd/sdq/mediastore/web/filters/MainFilter.java
34,Implementation/mediastore.web/src/edu/kit/ipd/sdq/mediastore/web/filters/MainFilter.java
35,Implementation/mediastore.web/src/edu/kit/ipd/sdq/mediastore/web/filters/MainFilter.java
36,Implementation/mediastore.web/src/edu/kit/ipd/sdq/mediastore/web/filters/MainFilter.java
37,Implementation/mediastore.web/src/edu/kit/ipd/sdq/mediastore/web/filters/MainFilter.java
18,Implementation/mediastore.basic/src/edu/kit/ipd/sdq/mediastore/basic/interfaces/IDownloadReEncoderLocal.java
9,Implementation/mediastore.ejb.mediamanagement/src/edu/kit/ipd/sdq/mediastore/ejb/mediamanagement/MediaManagementImpl.java
20,Implementation/mediastore.ejb.mediamanagement/src/edu/kit/ipd/sdq/mediastore/ejb/mediamanagement/MediaManagementImpl.java
24,Implementation/mediastore.ejb.mediamanagement/src/edu/kit/ipd/sdq/mediastore/ejb/mediamanagement/MediaManagementImpl.java
28,Implementation/mediastore.ejb.mediamanagement/src/edu/kit/ipd/sdq/mediastore/ejb/mediamanagement/MediaManagementImpl.java
1,Implementation/mediastore.web/src/edu/kit/ipd/sdq/mediastore/web/utils/SessionUtil.java
19,Implementation/mediastore.web/src/edu/kit/ipd/sdq/mediastore/web/utils/SessionUtil.java
18,Implementation/mediastore.basic/src/edu/kit/ipd/sdq/mediastore/basic/utils/JNDIUtil.java
18,Implementation/mediastore.basic/src/edu/kit/ipd/sdq/mediastore/basic/data/FileContent.java
1,Implementation/mediastore.web/src/edu/kit/ipd/sdq/mediastore/web/beans/LoginBean.java
19,Implementation/mediastore.web/src/edu/kit/ipd/sdq/mediastore/web/beans/LoginBean.java
18,Implementation/mediastore.basic/src/edu/kit/ipd/sdq/mediastore/basic/interfaces/IUserManagementRemote.java
9,Implementation/mediastore.web/src/edu/kit/ipd/sdq/mediastore/web/filters/MainFilter.java
20,Implementation/mediastore.web/src/edu/kit/ipd/sdq/mediastore/web/filters/MainFilter.java
24,Implementation/mediastore.web/src/edu/kit/ipd/sdq/mediastore/web/filters/MainFilter.java
28,Implementation/mediastore.web/src/edu/kit/ipd/sdq/mediastore/web/filters/MainFilter.java
18,Implementation/mediastore.basic/src/edu/kit/ipd/sdq/mediastore/basic/exceptions/AppException.java
18,Implementation/mediastore.basic/src/edu/kit/ipd/sdq/mediastore/basic/exceptions/FailedUploadException.java
18,Implementation/mediastore.basic/src/edu/kit/ipd/sdq/mediastore/basic/interfaces/IMediaManagementRemote.java
9,Implementation/mediastore.ejb.usermanagement/ejbModule/edu/kit/ipd/sdq/mediastore/ejb/usermanagement/SecurityUtil.java
20,Implementation/mediastore.ejb.usermanagement/ejbModule/edu/kit/ipd/sdq/mediastore/ejb/usermanagement/SecurityUtil.java
24,Implementation/mediastore.ejb.usermanagement/ejbModule/edu/kit/ipd/sdq/mediastore/ejb/usermanagement/SecurityUtil.java
28,Implementation/mediastore.ejb.usermanagement/ejbModule/edu/kit/ipd/sdq/mediastore/ejb/usermanagement/SecurityUtil.java
9,Implementation/mediastore.basic/src/edu/kit/ipd/sdq/mediastore/basic/interfaces/IDownloadMediaAccessLocal.java
20,Implementation/mediastore.basic/src/edu/kit/ipd/sdq/mediastore/basic/interfaces/IDownloadMediaAccessLocal.java
24,Implementation/mediastore.basic/src/edu/kit/ipd/sdq/mediastore/basic/interfaces/IDownloadMediaAccessLocal.java
28,Implementation/mediastore.basic/src/edu/kit/ipd/sdq/mediastore/basic/interfaces/IDownloadMediaAccessLocal.java
18,Implementation/mediastore.basic/src/edu/kit/ipd/sdq/mediastore/basic/interfaces/IDownloadTagWatermarkingRemote.java
18,Implementation/mediastore.ejb.userdbadapter/src/edu/kit/ipd/sdq/mediastore/ejb/userdbadapter/DbManager.java
12,Implementation/mediastore.basic/src/edu/kit/ipd/sdq/mediastore/basic/data/UserRegData.java
22,Implementation/mediastore.basic/src/edu/kit/ipd/sdq/mediastore/basic/data/UserRegData.java
23,Implementation/mediastore.basic/src/edu/kit/ipd/sdq/mediastore/basic/data/UserRegData.java
24,Implementation/mediastore.basic/src/edu/kit/ipd/sdq/mediastore/basic/data/UserRegData.java
25,Implementation/mediastore.basic/src/edu/kit/ipd/sdq/mediastore/basic/data/UserRegData.java
27,Implementation/mediastore.basic/src/edu/kit/ipd/sdq/mediastore/basic/data/UserRegData.java
29,Implementation/mediastore.basic/src/edu/kit/ipd/sdq/mediastore/basic/data/UserRegData.java
31,Implementation/mediastore.basic/src/edu/kit/ipd/sdq/mediastore/basic/data/UserRegData.java
32,Implementation/mediastore.basic/src/edu/kit/ipd/sdq/mediastore/basic/data/UserRegData.java
33,Implementation/mediastore.basic/src/edu/kit/ipd/sdq/mediastore/basic/data/UserRegData.java
34,Implementation/mediastore.basic/src/edu/kit/ipd/sdq/mediastore/basic/data/UserRegData.java
35,Implementation/mediastore.basic/src/edu/kit/ipd/sdq/mediastore/basic/data/UserRegData.java
18,Implementation/mediastore.basic/src/edu/kit/ipd/sdq/mediastore/basic/interfaces/IDownloadAudioWatermarkingLocal.java
1,Implementation/mediastore.basic/src/edu/kit/ipd/sdq/mediastore/basic/interfaces/IFacade.java
3,Implementation/mediastore.basic/src/edu/kit/ipd/sdq/mediastore/basic/interfaces/IFacade.java
6,Implementation/mediastore.basic/src/edu/kit/ipd/sdq/mediastore/basic/interfaces/IFacade.java
18,Implementation/mediastore.ejb.mediamanagement/src/edu/kit/ipd/sdq/mediastore/ejb/mediamanagement/MediaManagementImpl.java
9,Implementation/mediastore.basic/src/edu/kit/ipd/sdq/mediastore/basic/interfaces/IDownloadMediaAccess.java
20,Implementation/mediastore.basic/src/edu/kit/ipd/sdq/mediastore/basic/interfaces/IDownloadMediaAccess.java
24,Implementation/mediastore.basic/src/edu/kit/ipd/sdq/mediastore/basic/interfaces/IDownloadMediaAccess.java
28,Implementation/mediastore.basic/src/edu/kit/ipd/sdq/mediastore/basic/interfaces/IDownloadMediaAccess.java
9,Implementation/mediastore.ejb.mediaaccess/src/edu/kit/ipd/sdq/mediastore/ejb/mediaaccess/Audio.java
20,Implementation/mediastore.ejb.mediaaccess/src/edu/kit/ipd/sdq/mediastore/ejb/mediaaccess/Audio.java
24,Implementation/mediastore.ejb.mediaaccess/src/edu/kit/ipd/sdq/mediastore/ejb/mediaaccess/Audio.java
28,Implementation/mediastore.ejb.mediaaccess/src/edu/kit/ipd/sdq/mediastore/ejb/mediaaccess/Audio.java
11,Implementation/mediastore.basic/src/edu/kit/ipd/sdq/mediastore/basic/interfaces/IUserManagement.java
13,Implementation/mediastore.basic/src/edu/kit/ipd/sdq/mediastore/basic/interfaces/IUserManagement.java
18,Implementation/mediastore.basic/src/edu/kit/ipd/sdq/mediastore/basic/interfaces/IFacade.java
19,Implementation/mediastore.ejb.packaging/src/edu/kit/ipd/sdq/mediastore/ejb/packaging/PackagingImpl.java
9,Implementation/mediastore.ejb.audiowatermarking/src/edu/kit/ipd/sdq/mediastore/ejb/audiowatermarking/WavFileException.java
20,Implementation/mediastore.ejb.audiowatermarking/src/edu/kit/ipd/sdq/mediastore/ejb/audiowatermarking/WavFileException.java
24,Implementation/mediastore.ejb.audiowatermarking/src/edu/kit/ipd/sdq/mediastore/ejb/audiowatermarking/WavFileException.java
28,Implementation/mediastore.ejb.audiowatermarking/src/edu/kit/ipd/sdq/mediastore/ejb/audiowatermarking/WavFileException.java
9,Implementation/mediastore.web/src/edu/kit/ipd/sdq/mediastore/web/beans/RegisterBean.java
20,Implementation/mediastore.web/src/edu/kit/ipd/sdq/mediastore/web/beans/RegisterBean.java
24,Implementation/mediastore.web/src/edu/kit/ipd/sdq/mediastore/web/beans/RegisterBean.java
28,Implementation/mediastore.web/src/edu/kit/ipd/sdq/mediastore/web/beans/RegisterBean.java
18,Implementation/mediastore.basic/src/edu/kit/ipd/sdq/mediastore/basic/config/GlobalConstantsContainer.java
25,Implementation/mediastore.ejb.mediaaccess/src/edu/kit/ipd/sdq/mediastore/ejb/mediaaccess/Audio.java
18,Implementation/mediastore.basic/src/edu/kit/ipd/sdq/mediastore/basic/interfaces/IDownloadCacheLocal.java
9,Implementation/mediastore.basic/src/edu/kit/ipd/sdq/mediastore/basic/exceptions/BadLoginDataException.java
20,Implementation/mediastore.basic/src/edu/kit/ipd/sdq/mediastore/basic/exceptions/BadLoginDataException.java
24,Implementation/mediastore.basic/src/edu/kit/ipd/sdq/mediastore/basic/exceptions/BadLoginDataException.java
28,Implementation/mediastore.basic/src/edu/kit/ipd/sdq/mediastore/basic/exceptions/BadLoginDataException.java
9,Implementation/mediastore.basic/src/edu/kit/ipd/sdq/mediastore/basic/interfaces/IUserManagementLocal.java
20,Implementation/mediastore.basic/src/edu/kit/ipd/sdq/mediastore/basic/interfaces/IUserManagementLocal.java
24,Implementation/mediastore.basic/src/edu/kit/ipd/sdq/mediastore/basic/interfaces/IUserManagementLocal.java
28,Implementation/mediastore.basic/src/edu/kit/ipd/sdq/mediastore/basic/interfaces/IUserManagementLocal.java
9,Implementation/mediastore.basic/src/edu/kit/ipd/sdq/mediastore/basic/interfaces/IMediaManagement.java
20,Implementation/mediastore.basic/src/edu/kit/ipd/sdq/mediastore/basic/interfaces/IMediaManagement.java
24,Implementation/mediastore.basic/src/edu/kit/ipd/sdq/mediastore/basic/interfaces/IMediaManagement.java
28,Implementation/mediastore.basic/src/edu/kit/ipd/sdq/mediastore/basic/interfaces/IMediaManagement.java
18,Implementation/mediastore.basic/src/edu/kit/ipd/sdq/mediastore/basic/interfaces/ICacheMaintenanceRemote.java
12,Implementation/mediastore.basic/src/edu/kit/ipd/sdq/mediastore/basic/data/FileContentLocal.java
22,Implementation/mediastore.basic/src/edu/kit/ipd/sdq/mediastore/basic/data/FileContentLocal.java
23,Implementation/mediastore.basic/src/edu/kit/ipd/sdq/mediastore/basic/data/FileContentLocal.java
24,Implementation/mediastore.basic/src/edu/kit/ipd/sdq/mediastore/basic/data/FileContentLocal.java
25,Implementation/mediastore.basic/src/edu/kit/ipd/sdq/mediastore/basic/data/FileContentLocal.java
27,Implementation/mediastore.basic/src/edu/kit/ipd/sdq/mediastore/basic/data/FileContentLocal.java
29,Implementation/mediastore.basic/src/edu/kit/ipd/sdq/mediastore/basic/data/FileContentLocal.java
31,Implementation/mediastore.basic/src/edu/kit/ipd/sdq/mediastore/basic/data/FileContentLocal.java
32,Implementation/mediastore.basic/src/edu/kit/ipd/sdq/mediastore/basic/data/FileContentLocal.java
33,Implementation/mediastore.basic/src/edu/kit/ipd/sdq/mediastore/basic/data/FileContentLocal.java
34,Implementation/mediastore.basic/src/edu/kit/ipd/sdq/mediastore/basic/data/FileContentLocal.java
35,Implementation/mediastore.basic/src/edu/kit/ipd/sdq/mediastore/basic/data/FileContentLocal.java
9,Implementation/mediastore.ejb.userdbadapter/src/edu/kit/ipd/sdq/mediastore/ejb/userdbadapter/User.java
20,Implementation/mediastore.ejb.userdbadapter/src/edu/kit/ipd/sdq/mediastore/ejb/userdbadapter/User.java
24,Implementation/mediastore.ejb.userdbadapter/src/edu/kit/ipd/sdq/mediastore/ejb/userdbadapter/User.java
28,Implementation/mediastore.ejb.userdbadapter/src/edu/kit/ipd/sdq/mediastore/ejb/userdbadapter/User.java
18,Implementation/mediastore.basic/src/edu/kit/ipd/sdq/mediastore/basic/config/Config.java
18,Implementation/mediastore.basic/src/edu/kit/ipd/sdq/mediastore/basic/interfaces/IBusinessInterface.java
9,Implementation/mediastore.basic/src/edu/kit/ipd/sdq/mediastore/basic/exceptions/AppException.java
20,Implementation/mediastore.basic/src/edu/kit/ipd/sdq/mediastore/basic/exceptions/AppException.java
24,Implementation/mediastore.basic/src/edu/kit/ipd/sdq/mediastore/basic/exceptions/AppException.java
28,Implementation/mediastore.basic/src/edu/kit/ipd/sdq/mediastore/basic/exceptions/AppException.java
9,Implementation/mediastore.basic/src/edu/kit/ipd/sdq/mediastore/basic/interfaces/IUserDBAdapterRemote.java
20,Implementation/mediastore.basic/src/edu/kit/ipd/sdq/mediastore/basic/interfaces/IUserDBAdapterRemote.java
24,Implementation/mediastore.basic/src/edu/kit/ipd/sdq/mediastore/basic/interfaces/IUserDBAdapterRemote.java
28,Implementation/mediastore.basic/src/edu/kit/ipd/sdq/mediastore/basic/interfaces/IUserDBAdapterRemote.java
18,Implementation/mediastore.basic/src/edu/kit/ipd/sdq/mediastore/basic/interfaces/IMediaManagement.java
18,Implementation/mediastore.ejb.mediaaccess/src/edu/kit/ipd/sdq/mediastore/ejb/mediaaccess/MediaAccessImpl.java
9,Implementation/mediastore.basic/src/edu/kit/ipd/sdq/mediastore/basic/utils/PropertiesUtil.java
20,Implementation/mediastore.basic/src/edu/kit/ipd/sdq/mediastore/basic/utils/PropertiesUtil.java
24,Implementation/mediastore.basic/src/edu/kit/ipd/sdq/mediastore/basic/utils/PropertiesUtil.java
28,Implementation/mediastore.basic/src/edu/kit/ipd/sdq/mediastore/basic/utils/PropertiesUtil.java
9,Implementation/mediastore.basic/src/edu/kit/ipd/sdq/mediastore/basic/utils/JNDIUtil.java
20,Implementation/mediastore.basic/src/edu/kit/ipd/sdq/mediastore/basic/utils/JNDIUtil.java
24,Implementation/mediastore.basic/src/edu/kit/ipd/sdq/mediastore/basic/utils/JNDIUtil.java
28,Implementation/mediastore.basic/src/edu/kit/ipd/sdq/mediastore/basic/utils/JNDIUtil.java
9,Implementation/mediastore.basic/src/edu/kit/ipd/sdq/mediastore/basic/interfaces/IMediaAccessMaintenanceLocal.java
20,Implementation/mediastore.basic/src/edu/kit/ipd/sdq/mediastore/basic/interfaces/IMediaAccessMaintenanceLocal.java
24,Implementation/mediastore.basic/src/edu/kit/ipd/sdq/mediastore/basic/interfaces/IMediaAccessMaintenanceLocal.java
28,Implementation/mediastore.basic/src/edu/kit/ipd/sdq/mediastore/basic/interfaces/IMediaAccessMaintenanceLocal.java
9,Implementation/mediastore.basic/src/edu/kit/ipd/sdq/mediastore/basic/config/GlobalConstantsContainer.java
20,Implementation/mediastore.basic/src/edu/kit/ipd/sdq/mediastore/basic/config/GlobalConstantsContainer.java
24,Implementation/mediastore.basic/src/edu/kit/ipd/sdq/mediastore/basic/config/GlobalConstantsContainer.java
28,Implementation/mediastore.basic/src/edu/kit/ipd/sdq/mediastore/basic/config/GlobalConstantsContainer.java
9,Implementation/mediastore.web/src/edu/kit/ipd/sdq/mediastore/web/beans/SessionBean.java
20,Implementation/mediastore.web/src/edu/kit/ipd/sdq/mediastore/web/beans/SessionBean.java
24,Implementation/mediastore.web/src/edu/kit/ipd/sdq/mediastore/web/beans/SessionBean.java
28,Implementation/mediastore.web/src/edu/kit/ipd/sdq/mediastore/web/beans/SessionBean.java
9,Implementation/mediastore.basic/src/edu/kit/ipd/sdq/mediastore/basic/exceptions/UnknownServerException.java
20,Implementation/mediastore.basic/src/edu/kit/ipd/sdq/mediastore/basic/exceptions/UnknownServerException.java
24,Implementation/mediastore.basic/src/edu/kit/ipd/sdq/mediastore/basic/exceptions/UnknownServerException.java
28,Implementation/mediastore.basic/src/edu/kit/ipd/sdq/mediastore/basic/exceptions/UnknownServerException.java
18,Implementation/mediastore.basic/src/edu/kit/ipd/sdq/mediastore/basic/interfaces/IDownloadTagWatermarkingLocal.java
9,Implementation/mediastore.ejb.cache/ejbModule/edu/kit/ipd/sdq/mediastore/ejb/cache/CacheSingleton.java
20,Implementation/mediastore.ejb.cache/ejbModule/edu/kit/ipd/sdq/mediastore/ejb/cache/CacheSingleton.java
24,Implementation/mediastore.ejb.cache/ejbModule/edu/kit/ipd/sdq/mediastore/ejb/cache/CacheSingleton.java
28,Implementation/mediastore.ejb.cache/ejbModule/edu/kit/ipd/sdq/mediastore/ejb/cache/CacheSingleton.java
9,Implementation/mediastore.basic/src/edu/kit/ipd/sdq/mediastore/basic/interfaces/IMediaAccessMaintenance.java
20,Implementation/mediastore.basic/src/edu/kit/ipd/sdq/mediastore/basic/interfaces/IMediaAccessMaintenance.java
24,Implementation/mediastore.basic/src/edu/kit/ipd/sdq/mediastore/basic/interfaces/IMediaAccessMaintenance.java
28,Implementation/mediastore.basic/src/edu/kit/ipd/sdq/mediastore/basic/interfaces/IMediaAccessMaintenance.java
9,Implementation/mediastore.basic/src/edu/kit/ipd/sdq/mediastore/basic/interfaces/IDownload.java
37,Implementation/mediastore.basic/src/edu/kit/ipd/sdq/mediastore/basic/interfaces/IDownload.java
18,Implementation/mediastore.ejb.reencoder/src/edu/kit/ipd/sdq/mediastore/ejb/reencoder/ReEncoderImpl.java
18,Implementation/mediastore.basic/src/edu/kit/ipd/sdq/mediastore/basic/exceptions/DbException.java
9,Implementation/mediastore.basic/src/edu/kit/ipd/sdq/mediastore/basic/data/FileContent.java
20,Implementation/mediastore.basic/src/edu/kit/ipd/sdq/mediastore/basic/data/FileContent.java
24,Implementation/mediastore.basic/src/edu/kit/ipd/sdq/mediastore/basic/data/FileContent.java
28,Implementation/mediastore.basic/src/edu/kit/ipd/sdq/mediastore/basic/data/FileContent.java
18,Implementation/mediastore.basic/src/edu/kit/ipd/sdq/mediastore/basic/interfaces/IDownloadReEncoderRemote.java
9,Implementation/mediastore.basic/src/edu/kit/ipd/sdq/mediastore/basic/data/UserRegData.java
20,Implementation/mediastore.basic/src/edu/kit/ipd/sdq/mediastore/basic/data/UserRegData.java
24,Implementation/mediastore.basic/src/edu/kit/ipd/sdq/mediastore/basic/data/UserRegData.java
28,Implementation/mediastore.basic/src/edu/kit/ipd/sdq/mediastore/basic/data/UserRegData.java
18,Implementation/mediastore.basic/src/edu/kit/ipd/sdq/mediastore/basic/interfaces/IMediaAccessMaintenance.java
18,Implementation/mediastore.web/src/edu/kit/ipd/sdq/mediastore/web/filters/MainFilter.java
18,Implementation/mediastore.basic/src/edu/kit/ipd/sdq/mediastore/basic/utils/FSUtil.java
9,Implementation/mediastore.basic/src/edu/kit/ipd/sdq/mediastore/basic/config/InterfaceDetails.java
20,Implementation/mediastore.basic/src/edu/kit/ipd/sdq/mediastore/basic/config/InterfaceDetails.java
24,Implementation/mediastore.basic/src/edu/kit/ipd/sdq/mediastore/basic/config/InterfaceDetails.java
28,Implementation/mediastore.basic/src/edu/kit/ipd/sdq/mediastore/basic/config/InterfaceDetails.java
1,Implementation/mediastore.web/src/edu/kit/ipd/sdq/mediastore/web/beans/WebBeanManager.java
19,Implementation/mediastore.web/src/edu/kit/ipd/sdq/mediastore/web/beans/WebBeanManager.java
18,Implementation/mediastore.basic/src/edu/kit/ipd/sdq/mediastore/basic/config/ProvidedInterface.java
18,Implementation/mediastore.basic/src/edu/kit/ipd/sdq/mediastore/basic/exceptions/BadLoginDataException.java
9,Implementation/mediastore.basic/src/edu/kit/ipd/sdq/mediastore/basic/interfaces/IUserDBAdapterLocal.java
20,Implementation/mediastore.basic/src/edu/kit/ipd/sdq/mediastore/basic/interfaces/IUserDBAdapterLocal.java
24,Implementation/mediastore.basic/src/edu/kit/ipd/sdq/mediastore/basic/interfaces/IUserDBAdapterLocal.java
28,Implementation/mediastore.basic/src/edu/kit/ipd/sdq/mediastore/basic/interfaces/IUserDBAdapterLocal.java
18,Implementation/mediastore.basic/src/edu/kit/ipd/sdq/mediastore/basic/interfaces/IUserDBAdapter.java
9,Implementation/mediastore.basic/src/edu/kit/ipd/sdq/mediastore/basic/interfaces/IDownloadAudioWatermarkingLocal.java
20,Implementation/mediastore.basic/src/edu/kit/ipd/sdq/mediastore/basic/interfaces/IDownloadAudioWatermarkingLocal.java
24,Implementation/mediastore.basic/src/edu/kit/ipd/sdq/mediastore/basic/interfaces/IDownloadAudioWatermarkingLocal.java
28,Implementation/mediastore.basic/src/edu/kit/ipd/sdq/mediastore/basic/interfaces/IDownloadAudioWatermarkingLocal.java
9,Implementation/mediastore.basic/src/edu/kit/ipd/sdq/mediastore/basic/interfaces/IMediaAccess.java
20,Implementation/mediastore.basic/src/edu/kit/ipd/sdq/mediastore/basic/interfaces/IMediaAccess.java
24,Implementation/mediastore.basic/src/edu/kit/ipd/sdq/mediastore/basic/interfaces/IMediaAccess.java
28,Implementation/mediastore.basic/src/edu/kit/ipd/sdq/mediastore/basic/interfaces/IMediaAccess.java
18,Implementation/mediastore.ejb.mediaaccess/src/edu/kit/ipd/sdq/mediastore/ejb/mediaaccess/DbManager.java
9,Implementation/mediastore.basic/src/edu/kit/ipd/sdq/mediastore/basic/interfaces/IDownloadAudioWatermarking.java
20,Implementation/mediastore.basic/src/edu/kit/ipd/sdq/mediastore/basic/interfaces/IDownloadAudioWatermarking.java
24,Implementation/mediastore.basic/src/edu/kit/ipd/sdq/mediastore/basic/interfaces/IDownloadAudioWatermarking.java
28,Implementation/mediastore.basic/src/edu/kit/ipd/sdq/mediastore/basic/interfaces/IDownloadAudioWatermarking.java
18,Implementation/mediastore.basic/src/edu/kit/ipd/sdq/mediastore/basic/interfaces/IDownloadMediaAccessRemote.java
18,Implementation/mediastore.basic/src/edu/kit/ipd/sdq/mediastore/basic/interfaces/ICacheMaintenanceLocal.java
16,Implementation/mediastore.ejb.tagwatermarking/src/edu/kit/ipd/sdq/mediastore/ejb/tagwatermarking/TagWatermarkingImpl.java
17,Implementation/mediastore.ejb.tagwatermarking/src/edu/kit/ipd/sdq/mediastore/ejb/tagwatermarking/TagWatermarkingImpl.java
9,Implementation/mediastore.basic/src/edu/kit/ipd/sdq/mediastore/basic/interfaces/IMediaAccessLocal.java
20,Implementation/mediastore.basic/src/edu/kit/ipd/sdq/mediastore/basic/interfaces/IMediaAccessLocal.java
24,Implementation/mediastore.basic/src/edu/kit/ipd/sdq/mediastore/basic/interfaces/IMediaAccessLocal.java
28,Implementation/mediastore.basic/src/edu/kit/ipd/sdq/mediastore/basic/interfaces/IMediaAccessLocal.java
9,Implementation/mediastore.basic/src/edu/kit/ipd/sdq/mediastore/basic/exceptions/DbException.java
20,Implementation/mediastore.basic/src/edu/kit/ipd/sdq/mediastore/basic/exceptions/DbException.java
24,Implementation/mediastore.basic/src/edu/kit/ipd/sdq/mediastore/basic/exceptions/DbException.java
28,Implementation/mediastore.basic/src/edu/kit/ipd/sdq/mediastore/basic/exceptions/DbException.java
18,Implementation/mediastore.basic/src/edu/kit/ipd/sdq/mediastore/basic/interfaces/IDownloadMediaAccess.java
26,Implementation/mediastore.basic/src/edu/kit/ipd/sdq/mediastore/basic/interfaces/IMediaAccess.java
27,Implementation/mediastore.basic/src/edu/kit/ipd/sdq/mediastore/basic/interfaces/IMediaAccess.java
34,Implementation/mediastore.basic/src/edu/kit/ipd/sdq/mediastore/basic/interfaces/IMediaAccess.java
9,Implementation/mediastore.basic/src/edu/kit/ipd/sdq/mediastore/basic/interfaces/IFacadeRemote.java
20,Implementation/mediastore.basic/src/edu/kit/ipd/sdq/mediastore/basic/interfaces/IFacadeRemote.java
24,Implementation/mediastore.basic/src/edu/kit/ipd/sdq/mediastore/basic/interfaces/IFacadeRemote.java
28,Implementation/mediastore.basic/src/edu/kit/ipd/sdq/mediastore/basic/interfaces/IFacadeRemote.java
18,Implementation/mediastore.ejb.audiowatermarking/src/edu/kit/ipd/sdq/mediastore/ejb/audiowatermarking/AudioWatermarkingImpl.java
9,Implementation/mediastore.web/src/edu/kit/ipd/sdq/mediastore/web/beans/UploadBean.java
20,Implementation/mediastore.web/src/edu/kit/ipd/sdq/mediastore/web/beans/UploadBean.java
24,Implementation/mediastore.web/src/edu/kit/ipd/sdq/mediastore/web/beans/UploadBean.java
28,Implementation/mediastore.web/src/edu/kit/ipd/sdq/mediastore/web/beans/UploadBean.java
18,Implementation/mediastore.basic/src/edu/kit/ipd/sdq/mediastore/basic/data/UserRegData.java
18,Implementation/mediastore.basic/src/edu/kit/ipd/sdq/mediastore/basic/config/RequiredInterface.java
18,Implementation/mediastore.basic/src/edu/kit/ipd/sdq/mediastore/basic/interfaces/IMediaAccessRemote.java
9,Implementation/mediastore.basic/src/edu/kit/ipd/sdq/mediastore/basic/interfaces/ICacheMaintenance.java
20,Implementation/mediastore.basic/src/edu/kit/ipd/sdq/mediastore/basic/interfaces/ICacheMaintenance.java
24,Implementation/mediastore.basic/src/edu/kit/ipd/sdq/mediastore/basic/interfaces/ICacheMaintenance.java
28,Implementation/mediastore.basic/src/edu/kit/ipd/sdq/mediastore/basic/interfaces/ICacheMaintenance.java
26,Implementation/mediastore.ejb.mediaaccess/src/edu/kit/ipd/sdq/mediastore/ejb/mediaaccess/MediaAccessImpl.java
27,Implementation/mediastore.ejb.mediaaccess/src/edu/kit/ipd/sdq/mediastore/ejb/mediaaccess/MediaAccessImpl.java
34,Implementation/mediastore.ejb.mediaaccess/src/edu/kit/ipd/sdq/mediastore/ejb/mediaaccess/MediaAccessImpl.java
11,Implementation/mediastore.ejb.usermanagement/ejbModule/edu/kit/ipd/sdq/mediastore/ejb/usermanagement/SecurityUtil.java
13,Implementation/mediastore.ejb.usermanagement/ejbModule/edu/kit/ipd/sdq/mediastore/ejb/usermanagement/SecurityUtil.java
7,Implementation/mediastore.ejb.mediamanagement/src/edu/kit/ipd/sdq/mediastore/ejb/mediamanagement/MediaManagementImpl.java
8,Implementation/mediastore.ejb.mediamanagement/src/edu/kit/ipd/sdq/mediastore/ejb/mediamanagement/MediaManagementImpl.java
17,Implementation/mediastore.ejb.mediamanagement/src/edu/kit/ipd/sdq/mediastore/ejb/mediamanagement/MediaManagementImpl.java
18,Implementation/mediastore.basic/src/edu/kit/ipd/sdq/mediastore/basic/data/CurrentUser.java
19,Implementation/mediastore.basic/src/edu/kit/ipd/sdq/mediastore/basic/interfaces/IPackaging.java
9,Implementation/mediastore.basic/src/edu/kit/ipd/sdq/mediastore/basic/interfaces/IMediaManagementRemote.java
20,Implementation/mediastore.basic/src/edu/kit/ipd/sdq/mediastore/basic/interfaces/IMediaManagementRemote.java
24,Implementation/mediastore.basic/src/edu/kit/ipd/sdq/mediastore/basic/interfaces/IMediaManagementRemote.java
28,Implementation/mediastore.basic/src/edu/kit/ipd/sdq/mediastore/basic/interfaces/IMediaManagementRemote.java
12,Implementation/mediastore.basic/src/edu/kit/ipd/sdq/mediastore/basic/data/CurrentUser.java
22,Implementation/mediastore.basic/src/edu/kit/ipd/sdq/mediastore/basic/data/CurrentUser.java
23,Implementation/mediastore.basic/src/edu/kit/ipd/sdq/mediastore/basic/data/CurrentUser.java
24,Implementation/mediastore.basic/src/edu/kit/ipd/sdq/mediastore/basic/data/CurrentUser.java
25,Implementation/mediastore.basic/src/edu/kit/ipd/sdq/mediastore/basic/data/CurrentUser.java
27,Implementation/mediastore.basic/src/edu/kit/ipd/sdq/mediastore/basic/data/CurrentUser.java
29,Implementation/mediastore.basic/src/edu/kit/ipd/sdq/mediastore/basic/data/CurrentUser.java
31,Implementation/mediastore.basic/src/edu/kit/ipd/sdq/mediastore/basic/data/CurrentUser.java
32,Implementation/mediastore.basic/src/edu/kit/ipd/sdq/mediastore/basic/data/CurrentUser.java
33,Implementation/mediastore.basic/src/edu/kit/ipd/sdq/mediastore/basic/data/CurrentUser.java
34,Implementation/mediastore.basic/src/edu/kit/ipd/sdq/mediastore/basic/data/CurrentUser.java
35,Implementation/mediastore.basic/src/edu/kit/ipd/sdq/mediastore/basic/data/CurrentUser.java
20,Implementation/mediastore.ejb.reencoder/src/edu/kit/ipd/sdq/mediastore/ejb/reencoder/ReEncoderImpl.java
7,Implementation/mediastore.basic/src/edu/kit/ipd/sdq/mediastore/basic/interfaces/IMediaManagementLocal.java
8,Implementation/mediastore.basic/src/edu/kit/ipd/sdq/mediastore/basic/interfaces/IMediaManagementLocal.java
17,Implementation/mediastore.basic/src/edu/kit/ipd/sdq/mediastore/basic/interfaces/IMediaManagementLocal.java
9,Implementation/mediastore.basic/src/edu/kit/ipd/sdq/mediastore/basic/interfaces/ICacheMaintenanceRemote.java
20,Implementation/mediastore.basic/src/edu/kit/ipd/sdq/mediastore/basic/interfaces/ICacheMaintenanceRemote.java
24,Implementation/mediastore.basic/src/edu/kit/ipd/sdq/mediastore/basic/interfaces/ICacheMaintenanceRemote.java
28,Implementation/mediastore.basic/src/edu/kit/ipd/sdq/mediastore/basic/interfaces/ICacheMaintenanceRemote.java
9,Implementation/mediastore.basic/src/edu/kit/ipd/sdq/mediastore/basic/interfaces/IUserManagementRemote.java
20,Implementation/mediastore.basic/src/edu/kit/ipd/sdq/mediastore/basic/interfaces/IUserManagementRemote.java
24,Implementation/mediastore.basic/src/edu/kit/ipd/sdq/mediastore/basic/interfaces/IUserManagementRemote.java
28,Implementation/mediastore.basic/src/edu/kit/ipd/sdq/mediastore/basic/interfaces/IUserManagementRemote.java
1,Implementation/mediastore.web/src/edu/kit/ipd/sdq/mediastore/web/beans/RegisterBean.java
19,Implementation/mediastore.web/src/edu/kit/ipd/sdq/mediastore/web/beans/RegisterBean.java
1,Implementation/mediastore.web/src/edu/kit/ipd/sdq/mediastore/web/beans/UploadBean.java
19,Implementation/mediastore.web/src/edu/kit/ipd/sdq/mediastore/web/beans/UploadBean.java
